<document>
  <properties>
    <title>FindBugs Maven plugin changelog</title>
    <author email="gleclaire@codehaus.org">
      Garvin LeClaire
    </author>
  </properties>
  <body>
    <release version="2.2-SNAPSHOT" date="in SVN" description="Updates for Findbugs 2.2-SNAPSHOT">
      <action dev="gl" type="update">
        Update to Findbugs 1.3.9
      </action>
      <action dev="gl" type="update" issue="MFINDBUGS-46">
        Add abilty set memory as an option
      </action>
      <action dev="gl" type="update" issue="MFINDBUGS-45">
        Add timeout option
      </action>
      <action dev="gl" type="update" issue="MFINDBUGS-18">
        Allow to fork a VM that runs findbugs
      </action>
    </release>
    <release version="2.0.1" date="2009-04-21" description="Updates for Findbugs 2.0.1">
      <action dev="gl" type="update">
        Update to Findbugs 1.3.8
      </action>
    </release>
    <release version="2.0" date="2009-03-29" description="Updates for Findbugs 2.0" >
      <action dev="gl" type="update" issue="MFINDBUGS-66">
        Update to Findbugs 1.3.7
      </action>
      <action dev="gl" type="fix" issue="MFINDBUGS-65">
        Default binding of goal check to the lifecycle verify phase
      </action>
      <action dev="gl" type="update">
        update to gmaven-plugin version 1.0-rc-3
      </action>
      <action dev="gl" type="fix" issue="MFINDBUGS-61">
        Fail on project without any classes
      </action>
      <action dev="Rolf Kulemann" type="update" issue="MFINDBUGS-63">
         FindBugs report doens't show priority of bug
      </action>
      <action dev="gl" type="fix" issue="MFINDBUGS-62">
        Site example for multiprojects doesn't work
      </action>
      <action dev="gl" type="update" issue="MFINDBUGS-60">
         Add the ability to launch the Findbugs GUI
      </action>
      <action dev="gl" type="fix" issue="MFINDBUGS-56">
        StackOverflow exception (Infinite Recursion?)
      </action>
      <action dev="gl" type="fix" issue="MFINDBUGS-58">
        When there are no class, findbugs crash
      </action>
      <action dev="gl" type="update" issue="MFINDBUGS-26">
        Fail build if findbugs detects bugs
      </action>
      <action dev="gl" type="update">
        Add Integration Tests using shitty plugin
      </action>
      <action dev="gl" type="fix" issue="MFINDBUGS-55">
        Unable to provide references to "resources" in excludeFilterFile/includeFilterFile configuration parameters
        (multimodule setup)
      </action>
      <action dev="gl" type="fix" issue="MFINDBUGS-54">
        Specifying a pluginList configuration value throws an exception
      </action>
    </release>
    <release version="1.2" date="2008-03-27" description="Update for Findbugs 1.2.0">
      <action dev="gl" type="fix" issue="MFINDBUGS-50">
        Fix file encoding used to generate xdoc report to use UTF-8
      </action>
      <action dev="gl" type="update">
        Added support for Findbugs v1.2.1
      </action>
      <action dev="gl" type="fix" issue="MFINDBUGS-43">
        wrong class in xml report
      </action>
      <action dev="gl" type="fix" issue="MFINDBUGS-44">
        malformed AnalysisError element in XML report when reporting on generic class
      </action>
      <action dev="gl" type="fix" issue="MFINDBUGS-38">
        Add groovy nature to pom.xml
      </action>
      <action dev="gl" type="update">
        Added the ability to run the FindBugs native xml reporter
      </action>
      <action dev="gl" type="fix" issue="MOJO-885">
        Fix findbugs xdoc format associates some bug instances with the last file processed.
      </action>
      <action dev="gl" type="fix" issue="MOJO-894">
        Allow the use or URIs for includeFilter and excludeFilter.
      </action>
      <action dev="gl" type="fix" issue="MOJO-882">
        Added Source Directory output to xml output.
      </action>
      <action dev="gl" type="fix" issue="MOJO-851">
        Fixed invalid HTML issues.
      </action>
    </release>
    <release version="1.1.1" date="2007-07-09" description="Update for Findbugs 1.1.1">
      <action dev="gl" type="fix" issue="MOJO-823">
        Fixed Duplicate XML entries.
      </action>
      <action dev="gl" type="fix" issue="MOJO-807">
        Changed XML encoding to ISO-8859-1.
      </action>
      <action dev="gl" type="fix" issue="MOJO-807">
        Fix XML well-formed issues.
      </action>
    </release>
    <release version="1.1" date="2007-05-27" description="Update for Findbugs 1.1">
      <action dev="gl" type="fix" issue="MOJO-799">
        Fix FAQ dcoumentation to correct aggregate explanation.
      </action>
      <action dev="gl" type="fix" issue="MOJO-498">
        Fix JXR link reference for inner classes.
      </action>
      <action dev="gl" type="update" issue="MOJO-718">
        Add the ability to skip Findbugs report with the
        findbugs.skip property.
      </action>
      <action dev="gl" type="update">
        Added support for Findbugs v1.2.0
      </action>
      <action dev="gl" type="fix" issue="MOJO-707">
        Changed from Findbug object to Findbug2 object to
        resolve missing classes message. Suggestion from Henri
        Tremblay
      </action>
      <action dev="gl" type="fix">
        Fixed addition of compile artifacts to FindBug's
        AuxClasspath to resolve missing classes message.
      </action>
      <action dev="gl" type="update">
        Added relaxed option.
      </action>
      <action dev="gl" type="update">
        Added onlyAnalyze option.
      </action>
    </release>
    <release version="1.0.0" date="2006-12-26" description="Initial Findbugs plugin release">
      <action dev="gl" type="fix" issue="MOJO-563">
        Fixed escape characters output for message attribute in
        xml format.
      </action>
      <action dev="gl" type="fix" issue="MOJO-562">
        Added the ability to select an output directory for the
        xml report output.
      </action>
      <action dev="gl" type="update">
        Update maven-artifact dependency to version 2.0.4
      </action>
      <action dev="gl" type="update">
        Update maven-reporting dependency to version 2.0.4
      </action>
      <action dev="gl" type="update">
        Fix documentation to pass docck:check test
      </action>
      <action dev="gl" type="update">
        Added summary to HTML report for Classes scanned,
        errors, bugs and missing classes
      </action>
      <action dev="gl" type="update">
        Added file bug subtotal to the File Section of the HTML
        report
      </action>
      <action dev="gl" type="update">
        Added support for Findbugs v1.1.1
      </action>
      <action dev="gl" type="update" issue="MOJO-511">
        Add xml report output option.
      </action>
      <action dev="gl" type="fix" issue="MOJO-513">
        Fix a typo on the usage page.
      </action>
      <action dev="gl" type="fix" issue="MOJO-499">
        changed JXR dependencies to maven-jxr-plugin from
        jxr-maven-plugin.
      </action>
    </release>
    <release version="1.0-beta-1" date="2006-08-28" description="First beta release">
      <action dev="gl" type="update">
        Added support for using third-party plugins
      </action>
      <action dev="gl" type="update">
        Added support for specifying Visitors to include and
        exclude
      </action>
      <action dev="gl" type="update">
        Added Findbugs version to report header
      </action>
      <action dev="dp" type="fix">
        Fixed resolution of FindBugs coreplugin.
      </action>
      <action dev="dp" type="update">Enhanced JavaDoc.</action>
      <action dev="dp" type="update">
        Upgraded findbugs to version 1.0.0.
      </action>
      <action dev="dp" type="fix">
        Added suppression of FindBugs System.out output.
      </action>
      <action dev="mt" type="update">
        adds support for effort parameter (min,default,max) and
        showing it in the report
      </action>
      <action dev="mt" type="update">
        adds support for specifying include and exclude filter
        file
      </action>
      <action dev="mt" type="update">
        changes report name to "FindBugs Report", was previously
        "Maven FindBugs Report"
      </action>
      <action dev="mt" type="update">
        fixes line number column: "5-5" changed to "5". "-1"
        changed to "Not available"
      </action>
      <action dev="mt" type="update">
        adds a new details column with long description name
        that also links to findbugs official site for
        descriptions
      </action>
      <action dev="cr" type="fix" issue="MOJO-322">
        Added a hyperlink in the report pointing to the source
        generated by the maven-jxr-plugin. The link to the
        javadoc was not implemented. Enable/Disable of the
        plugin was not implemented.
      </action>
      <action dev="cr" type="fix" issue="MOJO-355">
        Added the auxiliary classpath from the pom to the
        findbugs configuration.
      </action>
      <action dev="cr" type="update">
        Upgraded jaxen to version 1.0-FCS.
      </action>
      <action dev="cr" type="update">
        Added dependency to saxpath - needed by jaxen.
      </action>
    </release>
  </body>
</document>
