
<BugCollection timestamp='1333320842000' analysisTimestamp='1333320846833' sequence='0' release='' version='2.0.0'><Project projectName='includeFile'><Jar>/Users/garvin/NetBeansProjects/findbugs-maven-plugin/target/it/includeFile/target/classes</Jar><AuxClasspathEntry>/Users/garvin/NetBeansProjects/findbugs-maven-plugin/target/local-repo/org/codehaus/mojo/findbugs-maven-plugin/2.4.1-SNAPSHOT/findbugs-maven-plugin-2.4.1-SNAPSHOT.jar</AuxClasspathEntry><AuxClasspathEntry>/Users/garvin/NetBeansProjects/findbugs-maven-plugin/target/local-repo/org/codehaus/gmaven/gmaven-mojo/1.3/gmaven-mojo-1.3.jar</AuxClasspathEntry><AuxClasspathEntry>/Users/garvin/NetBeansProjects/findbugs-maven-plugin/target/local-repo/org/codehaus/gmaven/runtime/gmaven-runtime-api/1.3/gmaven-runtime-api-1.3.jar</AuxClasspathEntry><AuxClasspathEntry>/Users/garvin/NetBeansProjects/findbugs-maven-plugin/target/local-repo/org/codehaus/gmaven/feature/gmaven-feature-api/1.3/gmaven-feature-api-1.3.jar</AuxClasspathEntry><AuxClasspathEntry>/Users/garvin/NetBeansProjects/findbugs-maven-plugin/target/local-repo/org/codehaus/gmaven/runtime/gmaven-runtime-1.5/1.3/gmaven-runtime-1.5-1.3.jar</AuxClasspathEntry><AuxClasspathEntry>/Users/garvin/NetBeansProjects/findbugs-maven-plugin/target/local-repo/org/codehaus/gmaven/feature/gmaven-feature-support/1.3/gmaven-feature-support-1.3.jar</AuxClasspathEntry><AuxClasspathEntry>/Users/garvin/NetBeansProjects/findbugs-maven-plugin/target/local-repo/org/codehaus/groovy/groovy-all-minimal/1.5.8/groovy-all-minimal-1.5.8.jar</AuxClasspathEntry><AuxClasspathEntry>/Users/garvin/NetBeansProjects/findbugs-maven-plugin/target/local-repo/org/apache/ant/ant/1.7.1/ant-1.7.1.jar</AuxClasspathEntry><AuxClasspathEntry>/Users/garvin/NetBeansProjects/findbugs-maven-plugin/target/local-repo/org/apache/ant/ant-launcher/1.7.1/ant-launcher-1.7.1.jar</AuxClasspathEntry><AuxClasspathEntry>/Users/garvin/NetBeansProjects/findbugs-maven-plugin/target/local-repo/jline/jline/0.9.94/jline-0.9.94.jar</AuxClasspathEntry><AuxClasspathEntry>/Users/garvin/NetBeansProjects/findbugs-maven-plugin/target/local-repo/org/codehaus/plexus/plexus-interpolation/1.1/plexus-interpolation-1.1.jar</AuxClasspathEntry><AuxClasspathEntry>/Users/garvin/NetBeansProjects/findbugs-maven-plugin/target/local-repo/org/codehaus/gmaven/gmaven-plugin/1.3/gmaven-plugin-1.3.jar</AuxClasspathEntry><AuxClasspathEntry>/Users/garvin/NetBeansProjects/findbugs-maven-plugin/target/local-repo/org/codehaus/gmaven/runtime/gmaven-runtime-loader/1.3/gmaven-runtime-loader-1.3.jar</AuxClasspathEntry><AuxClasspathEntry>/Users/garvin/NetBeansProjects/findbugs-maven-plugin/target/local-repo/org/codehaus/gmaven/runtime/gmaven-runtime-support/1.3/gmaven-runtime-support-1.3.jar</AuxClasspathEntry><AuxClasspathEntry>/Users/garvin/NetBeansProjects/findbugs-maven-plugin/target/local-repo/org/sonatype/gshell/gshell-io/2.0/gshell-io-2.0.jar</AuxClasspathEntry><AuxClasspathEntry>/Users/garvin/NetBeansProjects/findbugs-maven-plugin/target/local-repo/com/thoughtworks/qdox/qdox/1.10/qdox-1.10.jar</AuxClasspathEntry><AuxClasspathEntry>/Users/garvin/NetBeansProjects/findbugs-maven-plugin/target/local-repo/org/apache/maven/shared/file-management/1.2.1/file-management-1.2.1.jar</AuxClasspathEntry><AuxClasspathEntry>/Users/garvin/NetBeansProjects/findbugs-maven-plugin/target/local-repo/org/apache/maven/shared/maven-shared-io/1.1/maven-shared-io-1.1.jar</AuxClasspathEntry><AuxClasspathEntry>/Users/garvin/NetBeansProjects/findbugs-maven-plugin/target/local-repo/commons-lang/commons-lang/2.4/commons-lang-2.4.jar</AuxClasspathEntry><AuxClasspathEntry>/Users/garvin/NetBeansProjects/findbugs-maven-plugin/target/local-repo/org/slf4j/slf4j-api/1.5.10/slf4j-api-1.5.10.jar</AuxClasspathEntry><AuxClasspathEntry>/Users/garvin/NetBeansProjects/findbugs-maven-plugin/target/local-repo/org/sonatype/gossip/gossip/1.2/gossip-1.2.jar</AuxClasspathEntry><AuxClasspathEntry>/Users/garvin/NetBeansProjects/findbugs-maven-plugin/target/local-repo/org/apache/maven/reporting/maven-reporting-impl/2.1/maven-reporting-impl-2.1.jar</AuxClasspathEntry><AuxClasspathEntry>/Users/garvin/NetBeansProjects/findbugs-maven-plugin/target/local-repo/commons-validator/commons-validator/1.2.0/commons-validator-1.2.0.jar</AuxClasspathEntry><AuxClasspathEntry>/Users/garvin/NetBeansProjects/findbugs-maven-plugin/target/local-repo/commons-beanutils/commons-beanutils/1.7.0/commons-beanutils-1.7.0.jar</AuxClasspathEntry><AuxClasspathEntry>/Users/garvin/NetBeansProjects/findbugs-maven-plugin/target/local-repo/commons-digester/commons-digester/1.6/commons-digester-1.6.jar</AuxClasspathEntry><AuxClasspathEntry>/Users/garvin/NetBeansProjects/findbugs-maven-plugin/target/local-repo/commons-logging/commons-logging/1.0.4/commons-logging-1.0.4.jar</AuxClasspathEntry><AuxClasspathEntry>/Users/garvin/NetBeansProjects/findbugs-maven-plugin/target/local-repo/oro/oro/2.0.8/oro-2.0.8.jar</AuxClasspathEntry><AuxClasspathEntry>/Users/garvin/NetBeansProjects/findbugs-maven-plugin/target/local-repo/xml-apis/xml-apis/1.0.b2/xml-apis-1.0.b2.jar</AuxClasspathEntry><AuxClasspathEntry>/Users/garvin/NetBeansProjects/findbugs-maven-plugin/target/local-repo/org/codehaus/groovy/groovy-all/1.7.4/groovy-all-1.7.4.jar</AuxClasspathEntry><AuxClasspathEntry>/Users/garvin/NetBeansProjects/findbugs-maven-plugin/target/local-repo/org/apache/maven/doxia/doxia-core/1.1.3/doxia-core-1.1.3.jar</AuxClasspathEntry><AuxClasspathEntry>/Users/garvin/NetBeansProjects/findbugs-maven-plugin/target/local-repo/org/apache/maven/doxia/doxia-logging-api/1.1.3/doxia-logging-api-1.1.3.jar</AuxClasspathEntry><AuxClasspathEntry>/Users/garvin/NetBeansProjects/findbugs-maven-plugin/target/local-repo/xerces/xercesImpl/2.9.1/xercesImpl-2.9.1.jar</AuxClasspathEntry><AuxClasspathEntry>/Users/garvin/NetBeansProjects/findbugs-maven-plugin/target/local-repo/commons-httpclient/commons-httpclient/3.1/commons-httpclient-3.1.jar</AuxClasspathEntry><AuxClasspathEntry>/Users/garvin/NetBeansProjects/findbugs-maven-plugin/target/local-repo/commons-codec/commons-codec/1.2/commons-codec-1.2.jar</AuxClasspathEntry><AuxClasspathEntry>/Users/garvin/NetBeansProjects/findbugs-maven-plugin/target/local-repo/org/apache/maven/doxia/doxia-decoration-model/1.1.3/doxia-decoration-model-1.1.3.jar</AuxClasspathEntry><AuxClasspathEntry>/Users/garvin/NetBeansProjects/findbugs-maven-plugin/target/local-repo/org/apache/maven/doxia/doxia-module-xhtml/1.1.3/doxia-module-xhtml-1.1.3.jar</AuxClasspathEntry><AuxClasspathEntry>/Users/garvin/NetBeansProjects/findbugs-maven-plugin/target/local-repo/org/apache/maven/doxia/doxia-module-fml/1.1.3/doxia-module-fml-1.1.3.jar</AuxClasspathEntry><AuxClasspathEntry>/Users/garvin/NetBeansProjects/findbugs-maven-plugin/target/local-repo/org/codehaus/plexus/plexus-i18n/1.0-beta-7/plexus-i18n-1.0-beta-7.jar</AuxClasspathEntry><AuxClasspathEntry>/Users/garvin/NetBeansProjects/findbugs-maven-plugin/target/local-repo/org/codehaus/plexus/plexus-velocity/1.1.7/plexus-velocity-1.1.7.jar</AuxClasspathEntry><AuxClasspathEntry>/Users/garvin/NetBeansProjects/findbugs-maven-plugin/target/local-repo/org/apache/velocity/velocity/1.5/velocity-1.5.jar</AuxClasspathEntry><AuxClasspathEntry>/Users/garvin/NetBeansProjects/findbugs-maven-plugin/target/local-repo/commons-collections/commons-collections/3.2/commons-collections-3.2.jar</AuxClasspathEntry><AuxClasspathEntry>/Users/garvin/NetBeansProjects/findbugs-maven-plugin/target/local-repo/org/apache/maven/shared/maven-doxia-tools/1.2.1/maven-doxia-tools-1.2.1.jar</AuxClasspathEntry><AuxClasspathEntry>/Users/garvin/NetBeansProjects/findbugs-maven-plugin/target/local-repo/commons-io/commons-io/1.4/commons-io-1.4.jar</AuxClasspathEntry><AuxClasspathEntry>/Users/garvin/NetBeansProjects/findbugs-maven-plugin/target/local-repo/com/google/code/findbugs/findbugs-ant/2.0.0/findbugs-ant-2.0.0.jar</AuxClasspathEntry><AuxClasspathEntry>/Users/garvin/NetBeansProjects/findbugs-maven-plugin/target/local-repo/com/google/code/findbugs/findbugs/2.0.0/findbugs-2.0.0.jar</AuxClasspathEntry><AuxClasspathEntry>/Users/garvin/NetBeansProjects/findbugs-maven-plugin/target/local-repo/com/google/code/findbugs/bcel/2.0.0/bcel-2.0.0.jar</AuxClasspathEntry><AuxClasspathEntry>/Users/garvin/NetBeansProjects/findbugs-maven-plugin/target/local-repo/com/google/code/findbugs/jsr305/2.0.0/jsr305-2.0.0.jar</AuxClasspathEntry><AuxClasspathEntry>/Users/garvin/NetBeansProjects/findbugs-maven-plugin/target/local-repo/com/google/code/findbugs/jFormatString/2.0.0/jFormatString-2.0.0.jar</AuxClasspathEntry><AuxClasspathEntry>/Users/garvin/NetBeansProjects/findbugs-maven-plugin/target/local-repo/com/google/code/findbugs/annotations/2.0.0/annotations-2.0.0.jar</AuxClasspathEntry><AuxClasspathEntry>/Users/garvin/NetBeansProjects/findbugs-maven-plugin/target/local-repo/dom4j/dom4j/1.6.1/dom4j-1.6.1.jar</AuxClasspathEntry><AuxClasspathEntry>/Users/garvin/NetBeansProjects/findbugs-maven-plugin/target/local-repo/jaxen/jaxen/1.1.1/jaxen-1.1.1.jar</AuxClasspathEntry><AuxClasspathEntry>/Users/garvin/NetBeansProjects/findbugs-maven-plugin/target/local-repo/jdom/jdom/1.0/jdom-1.0.jar</AuxClasspathEntry><AuxClasspathEntry>/Users/garvin/NetBeansProjects/findbugs-maven-plugin/target/local-repo/xom/xom/1.0/xom-1.0.jar</AuxClasspathEntry><AuxClasspathEntry>/Users/garvin/NetBeansProjects/findbugs-maven-plugin/target/local-repo/xerces/xmlParserAPIs/2.6.2/xmlParserAPIs-2.6.2.jar</AuxClasspathEntry><AuxClasspathEntry>/Users/garvin/NetBeansProjects/findbugs-maven-plugin/target/local-repo/xalan/xalan/2.6.0/xalan-2.6.0.jar</AuxClasspathEntry><AuxClasspathEntry>/Users/garvin/NetBeansProjects/findbugs-maven-plugin/target/local-repo/com/ibm/icu/icu4j/2.6.1/icu4j-2.6.1.jar</AuxClasspathEntry><AuxClasspathEntry>/Users/garvin/NetBeansProjects/findbugs-maven-plugin/target/local-repo/asm/asm/3.3/asm-3.3.jar</AuxClasspathEntry><AuxClasspathEntry>/Users/garvin/NetBeansProjects/findbugs-maven-plugin/target/local-repo/asm/asm-tree/3.3/asm-tree-3.3.jar</AuxClasspathEntry><AuxClasspathEntry>/Users/garvin/NetBeansProjects/findbugs-maven-plugin/target/local-repo/asm/asm-commons/3.3/asm-commons-3.3.jar</AuxClasspathEntry><AuxClasspathEntry>/Users/garvin/NetBeansProjects/findbugs-maven-plugin/target/local-repo/jgoodies/plastic/1.2.0/plastic-1.2.0.jar</AuxClasspathEntry><AuxClasspathEntry>/Users/garvin/NetBeansProjects/findbugs-maven-plugin/target/local-repo/org/codehaus/plexus/plexus-resources/1.0-alpha-4/plexus-resources-1.0-alpha-4.jar</AuxClasspathEntry><AuxClasspathEntry>/Users/garvin/NetBeansProjects/findbugs-maven-plugin/target/local-repo/org/codehaus/plexus/plexus-utils/1.5.6/plexus-utils-1.5.6.jar</AuxClasspathEntry><AuxClasspathEntry>/Users/garvin/NetBeansProjects/findbugs-maven-plugin/target/local-repo/org/sonatype/plexus/plexus-build-api/0.0.7/plexus-build-api-0.0.7.jar</AuxClasspathEntry><AuxClasspathEntry>/Users/garvin/NetBeansProjects/findbugs-maven-plugin/target/local-repo/xerces/xercesImpl/2.6.2/xercesImpl-2.6.2.jar</AuxClasspathEntry><AuxClasspathEntry>/Users/garvin/NetBeansProjects/findbugs-maven-plugin/target/local-repo/junit/junit/4.8.1/junit-4.8.1.jar</AuxClasspathEntry><AuxClasspathEntry>/Users/garvin/NetBeansProjects/findbugs-maven-plugin/target/local-repo/jboss/jboss-j2ee/4.0.2/jboss-j2ee-4.0.2.jar</AuxClasspathEntry><AuxClasspathEntry>/Users/garvin/NetBeansProjects/findbugs-maven-plugin/target/local-repo/org/mortbay/jetty/servlet-api/2.5-6.0.0/servlet-api-2.5-6.0.0.jar</AuxClasspathEntry><SrcDir>/Users/garvin/NetBeansProjects/findbugs-maven-plugin/target/it-src-findbugs/java</SrcDir><WrkDir>/Users/garvin/NetBeansProjects/findbugs-maven-plugin/target/it/includeFile/target</WrkDir></Project><BugInstance category='STYLE' instanceHash='1e198d90e029bd94e0fcac098ac886f0' rank='17' instanceOccurrenceNum='0' priority='2' abbrev='DLS' type='DLS_DEAD_LOCAL_STORE' instanceOccurrenceMax='0'><ShortMessage>Dead store to local variable</ShortMessage><LongMessage>Dead store to $L2 in new UselessAssignments(int, int)</LongMessage><Class classname='UselessAssignments' primary='true'><SourceLine start='14' classname='UselessAssignments' sourcepath='UselessAssignments.java' sourcefile='UselessAssignments.java' end='42'><Message>At UselessAssignments.java:[lines 14-42]</Message></SourceLine><Message>In class UselessAssignments</Message></Class><Method isStatic='false' classname='UselessAssignments' name='&lt;init&gt;' primary='true' signature='(II)V'><SourceLine endBytecode='18' startBytecode='0' start='14' classname='UselessAssignments' sourcepath='UselessAssignments.java' sourcefile='UselessAssignments.java' end='20'></SourceLine><Message>In method new UselessAssignments(int, int)</Message></Method><LocalVariable register='2' name='?' pc='14' role='LOCAL_VARIABLE_UNKNOWN'><Message>Local variable stored in JVM register 2</Message></LocalVariable><SourceLine endBytecode='13' startBytecode='13' start='17' classname='UselessAssignments' primary='true' sourcepath='UselessAssignments.java' sourcefile='UselessAssignments.java' end='17'><Message>At UselessAssignments.java:[line 17]</Message></SourceLine><SourceLine endBytecode='27' startBytecode='27' start='19' classname='UselessAssignments' sourcepath='UselessAssignments.java' role='SOURCE_LINE_ANOTHER_INSTANCE' sourcefile='UselessAssignments.java' end='19'><Message>Another occurrence at UselessAssignments.java:[line 19]</Message></SourceLine><Property name='edu.umd.cs.findbugs.detect.DeadLocalStoreProperty.LOCAL_NAME' value='?'></Property><Property name='edu.umd.cs.findbugs.detect.DeadLocalStoreProperty.COPY_VALUE' value='true'></Property><Property name='edu.umd.cs.findbugs.detect.DeadLocalStoreProperty.TWO_STORES_MULTIPLE_LOADS' value='true'></Property><Property name='edu.umd.cs.findbugs.detect.DeadLocalStoreProperty.IS_PARAMETER' value='true'></Property><Property name='edu.umd.cs.findbugs.detect.DeadLocalStoreProperty.BASE_VALUE' value='true'></Property></BugInstance><BugInstance category='STYLE' instanceHash='5279ce0f2e7e43b3d68c99143f7031d1' rank='17' instanceOccurrenceNum='0' priority='2' abbrev='DLS' type='DLS_DEAD_LOCAL_STORE' instanceOccurrenceMax='0'><ShortMessage>Dead store to local variable</ShortMessage><LongMessage>Dead store to $L1 in UselessCurrentThread.test4()</LongMessage><Class classname='UselessCurrentThread' primary='true'><SourceLine start='7' classname='UselessCurrentThread' sourcepath='UselessCurrentThread.java' sourcefile='UselessCurrentThread.java' end='64'><Message>At UselessCurrentThread.java:[lines 7-64]</Message></SourceLine><Message>In class UselessCurrentThread</Message></Class><Method isStatic='false' classname='UselessCurrentThread' name='test4' primary='true' signature='()V'><SourceLine endBytecode='13' startBytecode='0' start='37' classname='UselessCurrentThread' sourcepath='UselessCurrentThread.java' sourcefile='UselessCurrentThread.java' end='42'></SourceLine><Message>In method UselessCurrentThread.test4()</Message></Method><LocalVariable register='1' name='?' pc='4' role='LOCAL_VARIABLE_UNKNOWN'><Message>Local variable stored in JVM register 1</Message></LocalVariable><SourceLine endBytecode='3' startBytecode='3' start='37' classname='UselessCurrentThread' primary='true' sourcepath='UselessCurrentThread.java' sourcefile='UselessCurrentThread.java' end='37'><Message>At UselessCurrentThread.java:[line 37]</Message></SourceLine><Property name='edu.umd.cs.findbugs.detect.DeadLocalStoreProperty.NO_LOADS' value='true'></Property><Property name='edu.umd.cs.findbugs.detect.DeadLocalStoreProperty.LOCAL_NAME' value='?'></Property><Property name='edu.umd.cs.findbugs.detect.DeadLocalStoreProperty.METHOD_RESULT' value='true'></Property></BugInstance><BugInstance category='STYLE' instanceHash='6a78b99562832d13c4d4abd0ed980af1' rank='17' instanceOccurrenceNum='0' priority='2' abbrev='DLS' type='DLS_DEAD_LOCAL_STORE' instanceOccurrenceMax='0'><ShortMessage>Dead store to local variable</ShortMessage><LongMessage>Dead store to $L3 in UserMistakes.main(String[])</LongMessage><Class classname='UserMistakes' primary='true'><SourceLine start='10' classname='UserMistakes' sourcepath='UserMistakes.java' sourcefile='UserMistakes.java' end='43'><Message>At UserMistakes.java:[lines 10-43]</Message></SourceLine><Message>In class UserMistakes</Message></Class><Method isStatic='true' classname='UserMistakes' name='main' primary='true' signature='([Ljava/lang/String;)V'><SourceLine endBytecode='64' startBytecode='0' start='13' classname='UserMistakes' sourcepath='UserMistakes.java' sourcefile='UserMistakes.java' end='43'></SourceLine><Message>In method UserMistakes.main(String[])</Message></Method><LocalVariable register='3' name='?' pc='84' role='LOCAL_VARIABLE_UNKNOWN'><Message>Local variable stored in JVM register 3</Message></LocalVariable><SourceLine endBytecode='75' startBytecode='75' start='28' classname='UserMistakes' primary='true' sourcepath='UserMistakes.java' sourcefile='UserMistakes.java' end='28'><Message>At UserMistakes.java:[line 28]</Message></SourceLine><Property name='edu.umd.cs.findbugs.detect.DeadLocalStoreProperty.EXCEPTION_HANDLER' value='true'></Property><Property name='edu.umd.cs.findbugs.detect.DeadLocalStoreProperty.LOCAL_NAME' value='?'></Property><Property name='edu.umd.cs.findbugs.detect.DeadLocalStoreProperty.TWO_STORES_MULTIPLE_LOADS' value='true'></Property></BugInstance><BugInstance category='STYLE' instanceHash='e9068b4b2aaa95dc898c664ae0ca47ad' rank='17' instanceOccurrenceNum='0' priority='2' abbrev='DLS' type='DLS_DEAD_LOCAL_STORE' instanceOccurrenceMax='0'><ShortMessage>Dead store to local variable</ShortMessage><LongMessage>Dead store to $L2 in gcUnrelatedTypes.AllListsCouldBeEqual.main(String[])</LongMessage><Class classname='gcUnrelatedTypes.AllListsCouldBeEqual' primary='true'><SourceLine start='12' classname='gcUnrelatedTypes.AllListsCouldBeEqual' sourcepath='gcUnrelatedTypes/AllListsCouldBeEqual.java' sourcefile='AllListsCouldBeEqual.java' end='181'><Message>At AllListsCouldBeEqual.java:[lines 12-181]</Message></SourceLine><Message>In class gcUnrelatedTypes.AllListsCouldBeEqual</Message></Class><Method isStatic='true' classname='gcUnrelatedTypes.AllListsCouldBeEqual' name='main' primary='true' signature='([Ljava/lang/String;)V'><SourceLine endBytecode='15' startBytecode='0' start='156' classname='gcUnrelatedTypes.AllListsCouldBeEqual' sourcepath='gcUnrelatedTypes/AllListsCouldBeEqual.java' sourcefile='AllListsCouldBeEqual.java' end='164'></SourceLine><Message>In method gcUnrelatedTypes.AllListsCouldBeEqual.main(String[])</Message></Method><LocalVariable register='2' name='?' pc='13' role='LOCAL_VARIABLE_UNKNOWN'><Message>Local variable stored in JVM register 2</Message></LocalVariable><SourceLine endBytecode='12' startBytecode='12' start='159' classname='gcUnrelatedTypes.AllListsCouldBeEqual' primary='true' sourcepath='gcUnrelatedTypes/AllListsCouldBeEqual.java' sourcefile='AllListsCouldBeEqual.java' end='159'><Message>At AllListsCouldBeEqual.java:[line 159]</Message></SourceLine><Property name='edu.umd.cs.findbugs.detect.DeadLocalStoreProperty.NO_LOADS' value='true'></Property><Property name='edu.umd.cs.findbugs.detect.DeadLocalStoreProperty.LOCAL_NAME' value='?'></Property><Property name='edu.umd.cs.findbugs.detect.DeadLocalStoreProperty.COPY_VALUE' value='true'></Property></BugInstance><BugInstance category='STYLE' instanceHash='ff6571cd5c91718935388ac3462f83a2' rank='15' instanceOccurrenceNum='0' priority='1' abbrev='DLS' type='DLS_DEAD_LOCAL_STORE' instanceOccurrenceMax='0'><ShortMessage>Dead store to local variable</ShortMessage><LongMessage>Dead store to $L11 in new gcUnrelatedTypes.ArrayListContains0(ArrayList, ArrayList, ArrayList, ArrayList, ArrayList, ArrayList, ArrayList, ArrayList, ArrayList, ArrayList)</LongMessage><Class classname='gcUnrelatedTypes.ArrayListContains0' primary='true'><SourceLine start='38' classname='gcUnrelatedTypes.ArrayListContains0' sourcepath='gcUnrelatedTypes/ArrayListContains0.java' sourcefile='ArrayListContains0.java' end='58'><Message>At ArrayListContains0.java:[lines 38-58]</Message></SourceLine><Message>In class gcUnrelatedTypes.ArrayListContains0</Message></Class><Method isStatic='false' classname='gcUnrelatedTypes.ArrayListContains0' name='&lt;init&gt;' primary='true' signature='(Ljava/util/ArrayList;Ljava/util/ArrayList;Ljava/util/ArrayList;Ljava/util/ArrayList;Ljava/util/ArrayList;Ljava/util/ArrayList;Ljava/util/ArrayList;Ljava/util/ArrayList;Ljava/util/ArrayList;Ljava/util/ArrayList;)V'><SourceLine endBytecode='40' startBytecode='0' start='38' classname='gcUnrelatedTypes.ArrayListContains0' sourcepath='gcUnrelatedTypes/ArrayListContains0.java' sourcefile='ArrayListContains0.java' end='58'></SourceLine><Message>In method new gcUnrelatedTypes.ArrayListContains0(ArrayList, ArrayList, ArrayList, ArrayList, ArrayList, ArrayList, ArrayList, ArrayList, ArrayList, ArrayList)</Message></Method><LocalVariable register='11' name='?' pc='13' role='LOCAL_VARIABLE_UNKNOWN'><Message>Local variable stored in JVM register 11</Message></LocalVariable><SourceLine endBytecode='11' startBytecode='11' start='40' classname='gcUnrelatedTypes.ArrayListContains0' primary='true' sourcepath='gcUnrelatedTypes/ArrayListContains0.java' sourcefile='ArrayListContains0.java' end='40'><Message>At ArrayListContains0.java:[line 40]</Message></SourceLine><SourceLine endBytecode='20' startBytecode='20' start='41' classname='gcUnrelatedTypes.ArrayListContains0' sourcepath='gcUnrelatedTypes/ArrayListContains0.java' role='SOURCE_LINE_ANOTHER_INSTANCE' sourcefile='ArrayListContains0.java' end='41'><Message>Another occurrence at ArrayListContains0.java:[line 41]</Message></SourceLine><Property name='edu.umd.cs.findbugs.detect.DeadLocalStoreProperty.LOCAL_NAME' value='?'></Property><Property name='edu.umd.cs.findbugs.detect.DeadLocalStoreProperty.DEAD_OBJECT_STORE' value='true'></Property><Property name='edu.umd.cs.findbugs.detect.DeadLocalStoreProperty.METHOD_RESULT' value='true'></Property></BugInstance><BugCategory category='STYLE'><Description>Dodgy code</Description></BugCategory><BugPattern category='STYLE' abbrev='DLS' type='DLS_DEAD_LOCAL_STORE'><ShortDescription>Dead store to local variable</ShortDescription><Details>

&lt;p&gt;
This instruction assigns a value to a local variable,
but the value is not read or used in any subsequent instruction.
Often, this indicates an error, because the value computed is never
used.
&lt;/p&gt;
&lt;p&gt;
Note that Sun's javac compiler often generates dead stores for
final local variables.  Because FindBugs is a bytecode-based tool,
there is no easy way to eliminate these false positives.
&lt;/p&gt;

    </Details></BugPattern><BugCode abbrev='DLS' cweid='563'><Description>Dead local store</Description></BugCode><Errors errors='0' missingClasses='0'></Errors><FindBugsSummary alloc_mbytes='505.62' priority_2='4' priority_1='1' gc_seconds='0.08' peak_mbytes='64.02' total_bugs='5' referenced_classes='145' timestamp='Sun, 1 Apr 2012 18:54:02 -0400' total_classes='45' num_packages='10' total_size='722' cpu_seconds='19.89' clock_seconds='6.58' vm_version='20.4-b02-402'><FileStats path='A.java' bugCount='0' size='6'></FileStats><FileStats path='AbstractMissingHashCode.java' bugCount='0' size='13'></FileStats><FileStats path='AccidentalNonConstructorInInnerClass.java' bugCount='0' size='35'></FileStats><FileStats path='AnnotationTest.java' bugCount='0' size='5'></FileStats><FileStats path='AppendingToAnObjectOutputStream.java' bugCount='0' size='23'></FileStats><FileStats path='ArrayToString.java' bugCount='0' size='26'></FileStats><FileStats path='AssignedOnlyInCtor.java' bugCount='0' size='8'></FileStats><FileStats path='AssumeUnsignedBytes.java' bugCount='0' size='8'></FileStats><FileStats path='UseInitCause.java' bugCount='0' size='7'></FileStats><FileStats path='UseOfNonHashableClassInHashDataStructure.java' bugCount='0' size='17'></FileStats><FileStats path='UselessAssignments.java' bugCount='1' bugHash='45bb518de8c0228d4944f2fd7cc8d481' size='29'></FileStats><FileStats path='UselessControlFlow.java' bugCount='0' size='32'></FileStats><FileStats path='UselessCurrentThread.java' bugCount='1' bugHash='f82391d2c1caa5e1d087b9db470fd99d' size='42'></FileStats><FileStats path='UselessFinalize.java' bugCount='0' size='6'></FileStats><FileStats path='UselessSCMethods.java' bugCount='0' size='29'></FileStats><FileStats path='UserAss3rtion.java' bugCount='0' size='11'></FileStats><FileStats path='UserMistakes.java' bugCount='1' bugHash='d5d78e90adaf001694d156f033e3adab' size='26'></FileStats><FileStats path='badNaming/package1/A.java' bugCount='0' size='3'></FileStats><FileStats path='badNaming/package2/A.java' bugCount='0' size='3'></FileStats><FileStats path='badNaming/package2/AnInterface.java' bugCount='0' size='2'></FileStats><FileStats path='bugPatterns/AM_CREATES_EMPTY_ZIP_FILE_ENTRY.java' bugCount='0' size='40'></FileStats><FileStats path='bugPatterns/AT_OPERATION_SEQUENCE_ON_CONCURRENT_ABSTRACTION.java' bugCount='0' size='19'></FileStats><FileStats path='bugPatterns/AVERAGE_COMPUTED_USING_DIVISION.java' bugCount='0' size='15'></FileStats><FileStats path='equals/ArrayEquality.java' bugCount='0' size='23'></FileStats><FileStats path='gcUnrelatedTypes/AllListsCouldBeEqual.java' bugCount='1' bugHash='70f1993c2e542cbca8c9c103417600c3' size='72'></FileStats><FileStats path='gcUnrelatedTypes/ArrayListContains.java' bugCount='0' size='98'></FileStats><FileStats path='gcUnrelatedTypes/ArrayListContains0.java' bugCount='1' bugHash='f8bdea0473f60623152d64f7c6a6480f' size='30'></FileStats><FileStats path='npe/AtomicFieldUpdater.java' bugCount='0' size='23'></FileStats><FileStats path='npe/UseCheckUse.java' bugCount='0' size='14'></FileStats><FileStats path='nullnessAnnotations/UseAnnotations.java' bugCount='0' size='35'></FileStats><FileStats path='obligation/UsesWillCloseAnnotation.java' bugCount='0' size='15'></FileStats><FileStats path='uselessThread/UsefulThread.java' bugCount='0' size='7'></FileStats><PackageStats priority_2='3' total_size='323' package='' total_bugs='3' total_types='25'><ClassStats sourceFile='A.java' bugs='0' class='A' interface='false' size='6'></ClassStats><ClassStats sourceFile='AbstractMissingHashCode.java' bugs='0' class='AbstractMissingHashCode' interface='false' size='9'></ClassStats><ClassStats sourceFile='AbstractMissingHashCode.java' bugs='0' class='AbstractMissingHashCode$StillMissingHashCode' interface='false' size='4'></ClassStats><ClassStats sourceFile='AccidentalNonConstructorInInnerClass.java' bugs='0' class='AccidentalNonConstructorInInnerClass' interface='false' size='4'></ClassStats><ClassStats sourceFile='AccidentalNonConstructorInInnerClass.java' bugs='0' class='AccidentalNonConstructorInInnerClass$DoNotReport' interface='false' size='7'></ClassStats><ClassStats sourceFile='AccidentalNonConstructorInInnerClass.java' bugs='0' class='AccidentalNonConstructorInInnerClass$DoNotReport2' interface='false' size='6'></ClassStats><ClassStats sourceFile='AccidentalNonConstructorInInnerClass.java' bugs='0' class='AccidentalNonConstructorInInnerClass$Report' interface='false' size='7'></ClassStats><ClassStats sourceFile='AccidentalNonConstructorInInnerClass.java' bugs='0' class='AccidentalNonConstructorInInnerClass$Report$DeeplyNested' interface='false' size='6'></ClassStats><ClassStats sourceFile='AccidentalNonConstructorInInnerClass.java' bugs='0' class='AccidentalNonConstructorInInnerClass$Report2' interface='false' size='5'></ClassStats><ClassStats sourceFile='AnnotationTest.java' bugs='0' class='AnnotationTest' interface='false' size='5'></ClassStats><ClassStats sourceFile='AppendingToAnObjectOutputStream.java' bugs='0' class='AppendingToAnObjectOutputStream' interface='false' size='23'></ClassStats><ClassStats sourceFile='ArrayToString.java' bugs='0' class='ArrayToString' interface='false' size='26'></ClassStats><ClassStats sourceFile='AssignedOnlyInCtor.java' bugs='0' class='AssignedOnlyInCtor' interface='false' size='8'></ClassStats><ClassStats sourceFile='AssumeUnsignedBytes.java' bugs='0' class='AssumeUnsignedBytes' interface='false' size='8'></ClassStats><ClassStats sourceFile='UselessSCMethods.java' bugs='0' class='Super' interface='false' size='13'></ClassStats><ClassStats sourceFile='UseInitCause.java' bugs='0' class='UseInitCause' interface='false' size='7'></ClassStats><ClassStats sourceFile='UseOfNonHashableClassInHashDataStructure.java' bugs='0' class='UseOfNonHashableClassInHashDataStructure' interface='false' size='14'></ClassStats><ClassStats sourceFile='UseOfNonHashableClassInHashDataStructure.java' bugs='0' class='UseOfNonHashableClassInHashDataStructure$UMap' interface='false' size='3'></ClassStats><ClassStats priority_2='1' sourceFile='UselessAssignments.java' bugs='1' class='UselessAssignments' interface='false' size='29'></ClassStats><ClassStats sourceFile='UselessControlFlow.java' bugs='0' class='UselessControlFlow' interface='false' size='32'></ClassStats><ClassStats priority_2='1' sourceFile='UselessCurrentThread.java' bugs='1' class='UselessCurrentThread' interface='false' size='42'></ClassStats><ClassStats sourceFile='UselessFinalize.java' bugs='0' class='UselessFinalize' interface='false' size='6'></ClassStats><ClassStats sourceFile='UselessSCMethods.java' bugs='0' class='UselessSCMethods' interface='false' size='16'></ClassStats><ClassStats sourceFile='UserAss3rtion.java' bugs='0' class='UserAss3rtion' interface='false' size='11'></ClassStats><ClassStats priority_2='1' sourceFile='UserMistakes.java' bugs='1' class='UserMistakes' interface='false' size='26'></ClassStats></PackageStats><PackageStats total_size='3' package='badNaming.package1' total_bugs='0' total_types='1'><ClassStats sourceFile='A.java' bugs='0' class='badNaming.package1.A' interface='false' size='3'></ClassStats></PackageStats><PackageStats total_size='5' package='badNaming.package2' total_bugs='0' total_types='2'><ClassStats sourceFile='A.java' bugs='0' class='badNaming.package2.A' interface='false' size='3'></ClassStats><ClassStats sourceFile='AnInterface.java' bugs='0' class='badNaming.package2.AnInterface' interface='true' size='2'></ClassStats></PackageStats><PackageStats total_size='74' package='bugPatterns' total_bugs='0' total_types='3'><ClassStats sourceFile='AM_CREATES_EMPTY_ZIP_FILE_ENTRY.java' bugs='0' class='bugPatterns.AM_CREATES_EMPTY_ZIP_FILE_ENTRY' interface='false' size='40'></ClassStats><ClassStats sourceFile='AT_OPERATION_SEQUENCE_ON_CONCURRENT_ABSTRACTION.java' bugs='0' class='bugPatterns.AT_OPERATION_SEQUENCE_ON_CONCURRENT_ABSTRACTION' interface='false' size='19'></ClassStats><ClassStats sourceFile='AVERAGE_COMPUTED_USING_DIVISION.java' bugs='0' class='bugPatterns.AVERAGE_COMPUTED_USING_DIVISION' interface='false' size='15'></ClassStats></PackageStats><PackageStats total_size='23' package='equals' total_bugs='0' total_types='1'><ClassStats sourceFile='ArrayEquality.java' bugs='0' class='equals.ArrayEquality' interface='false' size='23'></ClassStats></PackageStats><PackageStats priority_2='1' priority_1='1' total_size='200' package='gcUnrelatedTypes' total_bugs='2' total_types='8'><ClassStats priority_2='1' sourceFile='AllListsCouldBeEqual.java' bugs='1' class='gcUnrelatedTypes.AllListsCouldBeEqual' interface='false' size='23'></ClassStats><ClassStats sourceFile='AllListsCouldBeEqual.java' bugs='0' class='gcUnrelatedTypes.AllListsCouldBeEqual$MyList' interface='false' size='49'></ClassStats><ClassStats sourceFile='ArrayListContains.java' bugs='0' class='gcUnrelatedTypes.ArrayListContains' interface='false' size='92'></ClassStats><ClassStats sourceFile='ArrayListContains.java' bugs='0' class='gcUnrelatedTypes.ArrayListContains$Dummy' interface='false' size='3'></ClassStats><ClassStats sourceFile='ArrayListContains.java' bugs='0' class='gcUnrelatedTypes.ArrayListContains$DummyChild' interface='false' size='3'></ClassStats><ClassStats priority_1='1' sourceFile='ArrayListContains0.java' bugs='1' class='gcUnrelatedTypes.ArrayListContains0' interface='false' size='24'></ClassStats><ClassStats sourceFile='ArrayListContains0.java' bugs='0' class='gcUnrelatedTypes.ArrayListContains0$Dummy' interface='false' size='3'></ClassStats><ClassStats sourceFile='ArrayListContains0.java' bugs='0' class='gcUnrelatedTypes.ArrayListContains0$DummyChild' interface='false' size='3'></ClassStats></PackageStats><PackageStats total_size='37' package='npe' total_bugs='0' total_types='2'><ClassStats sourceFile='AtomicFieldUpdater.java' bugs='0' class='npe.AtomicFieldUpdater' interface='false' size='23'></ClassStats><ClassStats sourceFile='UseCheckUse.java' bugs='0' class='npe.UseCheckUse' interface='false' size='14'></ClassStats></PackageStats><PackageStats total_size='35' package='nullnessAnnotations' total_bugs='0' total_types='1'><ClassStats sourceFile='UseAnnotations.java' bugs='0' class='nullnessAnnotations.UseAnnotations' interface='false' size='35'></ClassStats></PackageStats><PackageStats total_size='15' package='obligation' total_bugs='0' total_types='1'><ClassStats sourceFile='UsesWillCloseAnnotation.java' bugs='0' class='obligation.UsesWillCloseAnnotation' interface='false' size='15'></ClassStats></PackageStats><PackageStats total_size='7' package='uselessThread' total_bugs='0' total_types='1'><ClassStats sourceFile='UsefulThread.java' bugs='0' class='uselessThread.UsefulThread' interface='false' size='7'></ClassStats></PackageStats><FindBugsProfile><ClassProfile avgMicrosecondsPerInvocation='957' maxMicrosecondsPerInvocation='17872' name='edu.umd.cs.findbugs.classfile.engine.ClassInfoAnalysisEngine' invocations='551' totalMilliseconds='527' standardDeviationMircosecondsPerInvocation='2042'></ClassProfile><ClassProfile avgMicrosecondsPerInvocation='2941' maxMicrosecondsPerInvocation='44045' name='edu.umd.cs.findbugs.detect.FieldItemSummary' invocations='145' totalMilliseconds='426' standardDeviationMircosecondsPerInvocation='6493'></ClassProfile><ClassProfile avgMicrosecondsPerInvocation='2481' maxMicrosecondsPerInvocation='36152' name='edu.umd.cs.findbugs.detect.ExplicitSerialization' invocations='145' totalMilliseconds='359' standardDeviationMircosecondsPerInvocation='5490'></ClassProfile><ClassProfile avgMicrosecondsPerInvocation='1672' maxMicrosecondsPerInvocation='37410' name='edu.umd.cs.findbugs.ba.npe.NullDerefAndRedundantComparisonFinder' invocations='170' totalMilliseconds='284' standardDeviationMircosecondsPerInvocation='3988'></ClassProfile><ClassProfile avgMicrosecondsPerInvocation='1440' maxMicrosecondsPerInvocation='18406' name='edu.umd.cs.findbugs.detect.NoteDirectlyRelevantTypeQualifiers' invocations='145' totalMilliseconds='208' standardDeviationMircosecondsPerInvocation='3082'></ClassProfile><ClassProfile avgMicrosecondsPerInvocation='1221' maxMicrosecondsPerInvocation='18628' name='edu.umd.cs.findbugs.classfile.engine.bcel.IsNullValueDataflowFactory' invocations='170' totalMilliseconds='207' standardDeviationMircosecondsPerInvocation='2128'></ClassProfile><ClassProfile avgMicrosecondsPerInvocation='1214' maxMicrosecondsPerInvocation='19815' name='edu.umd.cs.findbugs.classfile.engine.bcel.UnconditionalValueDerefDataflowFactory' invocations='170' totalMilliseconds='206' standardDeviationMircosecondsPerInvocation='2264'></ClassProfile><ClassProfile avgMicrosecondsPerInvocation='1100' maxMicrosecondsPerInvocation='16485' name='edu.umd.cs.findbugs.classfile.engine.bcel.ValueNumberDataflowFactory' invocations='171' totalMilliseconds='188' standardDeviationMircosecondsPerInvocation='2135'></ClassProfile><ClassProfile avgMicrosecondsPerInvocation='1060' maxMicrosecondsPerInvocation='15210' name='edu.umd.cs.findbugs.classfile.engine.bcel.TypeDataflowFactory' invocations='171' totalMilliseconds='181' standardDeviationMircosecondsPerInvocation='2007'></ClassProfile><ClassProfile avgMicrosecondsPerInvocation='963' maxMicrosecondsPerInvocation='14317' name='edu.umd.cs.findbugs.classfile.engine.bcel.CFGFactory' invocations='170' totalMilliseconds='163' standardDeviationMircosecondsPerInvocation='1790'></ClassProfile><ClassProfile avgMicrosecondsPerInvocation='426' maxMicrosecondsPerInvocation='4291' name='edu.umd.cs.findbugs.OpcodeStack$JumpInfoFactory' invocations='372' totalMilliseconds='158' standardDeviationMircosecondsPerInvocation='524'></ClassProfile><ClassProfile avgMicrosecondsPerInvocation='272' maxMicrosecondsPerInvocation='6322' name='edu.umd.cs.findbugs.classfile.engine.ClassDataAnalysisEngine' invocations='555' totalMilliseconds='151' standardDeviationMircosecondsPerInvocation='278'></ClassProfile><ClassProfile avgMicrosecondsPerInvocation='766' maxMicrosecondsPerInvocation='18040' name='edu.umd.cs.findbugs.detect.BuildObligationPolicyDatabase' invocations='145' totalMilliseconds='111' standardDeviationMircosecondsPerInvocation='1820'></ClassProfile><ClassProfile avgMicrosecondsPerInvocation='858' maxMicrosecondsPerInvocation='12685' name='edu.umd.cs.findbugs.detect.FindRefComparison$SpecialTypeAnalysis' invocations='124' totalMilliseconds='106' standardDeviationMircosecondsPerInvocation='1578'></ClassProfile><ClassProfile avgMicrosecondsPerInvocation='628' maxMicrosecondsPerInvocation='17148' name='edu.umd.cs.findbugs.detect.FunctionsThatMightBeMistakenForProcedures' invocations='145' totalMilliseconds='91' standardDeviationMircosecondsPerInvocation='1653'></ClassProfile><ClassProfile avgMicrosecondsPerInvocation='580' maxMicrosecondsPerInvocation='10128' name='edu.umd.cs.findbugs.detect.OverridingEqualsNotSymmetrical' invocations='145' totalMilliseconds='84' standardDeviationMircosecondsPerInvocation='1233'></ClassProfile><ClassProfile avgMicrosecondsPerInvocation='566' maxMicrosecondsPerInvocation='8350' name='edu.umd.cs.findbugs.detect.CalledMethods' invocations='145' totalMilliseconds='82' standardDeviationMircosecondsPerInvocation='1301'></ClassProfile><ClassProfile avgMicrosecondsPerInvocation='453' maxMicrosecondsPerInvocation='5980' name='edu.umd.cs.findbugs.classfile.engine.bcel.ConstantDataflowFactory' invocations='170' totalMilliseconds='77' standardDeviationMircosecondsPerInvocation='747'></ClassProfile><ClassProfile avgMicrosecondsPerInvocation='144' maxMicrosecondsPerInvocation='2683' name='edu.umd.cs.findbugs.util.TopologicalSort' invocations='523' totalMilliseconds='75' standardDeviationMircosecondsPerInvocation='302'></ClassProfile><ClassProfile avgMicrosecondsPerInvocation='436' maxMicrosecondsPerInvocation='14679' name='edu.umd.cs.findbugs.classfile.engine.bcel.JavaClassAnalysisEngine' invocations='170' totalMilliseconds='74' standardDeviationMircosecondsPerInvocation='1245'></ClassProfile><ClassProfile avgMicrosecondsPerInvocation='14' maxMicrosecondsPerInvocation='1290' name='edu.umd.cs.findbugs.DetectorToDetector2Adapter' invocations='5140' totalMilliseconds='73' standardDeviationMircosecondsPerInvocation='18'></ClassProfile><ClassProfile avgMicrosecondsPerInvocation='421' maxMicrosecondsPerInvocation='48691' name='edu.umd.cs.findbugs.classfile.engine.bcel.MethodGenFactory' invocations='171' totalMilliseconds='71' standardDeviationMircosecondsPerInvocation='3712'></ClassProfile><ClassProfile avgMicrosecondsPerInvocation='1461' maxMicrosecondsPerInvocation='43573' name='edu.umd.cs.findbugs.detect.FindPuzzlers' invocations='45' totalMilliseconds='65' standardDeviationMircosecondsPerInvocation='6372'></ClassProfile><ClassProfile avgMicrosecondsPerInvocation='434' maxMicrosecondsPerInvocation='5302' name='edu.umd.cs.findbugs.detect.EqualsOperandShouldHaveClassCompatibleWithThis' invocations='145' totalMilliseconds='63' standardDeviationMircosecondsPerInvocation='803'></ClassProfile><ClassProfile avgMicrosecondsPerInvocation='1283' maxMicrosecondsPerInvocation='6075' name='edu.umd.cs.findbugs.detect.StreamResourceTracker' invocations='45' totalMilliseconds='57' standardDeviationMircosecondsPerInvocation='1511'></ClassProfile><ClassProfile avgMicrosecondsPerInvocation='1208' maxMicrosecondsPerInvocation='16680' name='edu.umd.cs.findbugs.detect.LoadOfKnownNullValue' invocations='45' totalMilliseconds='54' standardDeviationMircosecondsPerInvocation='2487'></ClassProfile><ClassProfile avgMicrosecondsPerInvocation='313' maxMicrosecondsPerInvocation='4958' name='edu.umd.cs.findbugs.detect.FindNullDeref$CheckCallSitesAndReturnInstructions' invocations='170' totalMilliseconds='53' standardDeviationMircosecondsPerInvocation='559'></ClassProfile><ClassProfile avgMicrosecondsPerInvocation='311' maxMicrosecondsPerInvocation='3277' name='edu.umd.cs.findbugs.classfile.engine.bcel.LiveLocalStoreDataflowFactory' invocations='170' totalMilliseconds='53' standardDeviationMircosecondsPerInvocation='425'></ClassProfile><ClassProfile avgMicrosecondsPerInvocation='1138' maxMicrosecondsPerInvocation='20061' name='edu.umd.cs.findbugs.detect.FindUnrelatedTypesInGenericContainer' invocations='45' totalMilliseconds='51' standardDeviationMircosecondsPerInvocation='3190'></ClassProfile></FindBugsProfile></FindBugsSummary><ClassFeatures></ClassFeatures><History></History></BugCollection>